{"img_size_wh": [1920, 1080], "cam_mtx": [[1839.8910584784603, 0.0, 959.5], [0.0, 1839.8910584784603, 539.5], [0.0, 0.0, 1.0]], "dist_coeffs": [0.2525308414065072, -0.9954065380580025, -0.013718466422137296, 0.002700938219931728, 7.404584978138996]}