{"img_size_wh": [1920, 1080], "cam_mtx": [[1549.4023652911794, 0.0, 959.5], [0.0, 1549.4023652911794, 539.5], [0.0, 0.0, 1.0]], "dist_coeffs": [0.33055846467847505, -1.9289330627351275, -0.008964063731451683, 0.0005026539737563527, 2.325317960234394]}